ts	phase	decision	why	evidence	result
2026-09-03T00:15:00-04:00	frame	treated the signup, profile, clubs, moderation, schedule, and OAuth work as one integrated product run	the user asked for the whole member journey to work together and requested proof	commits 87e43c2..ff185c2	implementation units complete
2026-09-03T00:30:00-04:00	workflow	isolated parallel writers in separate git worktrees	the workers touched independent seams and should not race on one branch	coverage_* worktrees	independent lanes active
2026-09-03T00:45:00-04:00	profile	preserved username casing and moved uniqueness enforcement to a lower(username) database index	mixed-case display and case-insensitive uniqueness are separate domain rules	commit 476f4be, drizzle/0019_case_preserved_usernames.sql	focused tests green
2026-09-03T00:55:00-04:00	profile	added an in-app square crop workflow for profile photos	a raw file picker did not let members choose the visible part of an image	commit 6aca9a4, /tmp/mari-profile-image-crop/artifacts/profile-crop-final/page@068f3e593dfbb560953579e2e8cb7c64.webm	focused tests green, video captured
2026-09-03T01:05:00-04:00	semester	moved course-analysis confirmation into the first Semester visit	members should not leave the feature to confirm its use	commit 1957328, /tmp/mari-semester-disclosure-gate/.artifacts/semester-analysis-confirmation/semester-analysis-confirmation.webm	focused tests green, video captured
2026-09-03T01:10:00-04:00	clubs	replaced the inline club form with one create action and a dedicated richer editor	the index should browse clubs while the editor owns role, category, description, and repeatable contact methods	commit ff185c2	56 focused tests green
2026-09-03T01:20:00-04:00	verification	ran the complete suite in a clean worktree without local secrets	the root environment loaded developer secrets that changed environment-contract tests	/tmp/mari-final-qa-root	3088 tests green
2026-09-03T01:30:00-04:00	verification	opened six isolated test-coverage lanes	the clean full run exposed existing global coverage debt below the repository's blocking 100 percent threshold	coverage_* agents	coverage work in progress
2026-09-03T01:45:00-04:00	oauth	staged the exact production Google Calendar callback on the existing OAuth client	the live 400 response proved a redirect URI mismatch, not an application-code failure	/tmp/mari-calendar-oauth-ready.png	ready for provider Save confirmation
2026-09-03T02:00:00-04:00	verification	rejected the first integrated walkthrough recording	the script could not find the onboarding Schedule tab, so it did not prove the requested journey	/tmp/mari-integrated-proof.mjs	NOT VERIFIED, harness diagnosis required
2026-09-03T02:10:00-04:00	verification	fixed the proof session fixture with the token entropy shape accepted by Better Auth	the page was correct but low-entropy synthetic session tokens were rejected before the loader saw them	/tmp/mari-integrated-proof.mjs	fixture authenticated
2026-09-03T02:20:00-04:00	verification	exercised onboarding, five-day schedule, member form, clubs, forum, roster, and moderation in one browser recording	the user asked for end-to-end proof rather than source-only checks	artifacts/final-integrated-proof/checks.json, artifacts/final-integrated-proof/page@ee1153475858b81dd874984870caf7c5.webm	all scripted assertions passed
2026-09-03T02:25:00-04:00	coverage	integrated four isolated test-coverage units one at a time	each unit was independently green before it joined the main branch	commits 1e8c42b, ce1226b, a9d39a7, 171ad49, e802135	360 focused tests passed after integration
2026-09-03T02:30:00-04:00	mobile	made phone-width quality a release gate after the user expanded the scope	mobile signup, profile, and tools pages must be usable before deployment	/tmp/mari-mobile-audit	four release-blocking layout groups found, fixes active
2026-09-03T02:31:00-04:00	coverage	corrected the preceding coverage count to five units and 489 focused tests	the audit trail is append-only, so the mistaken row stays visible and this row supersedes it	commits 1e8c42b, ce1226b, a9d39a7, 171ad49, e802135	489 focused tests passed after integration
2026-09-03T02:40:00-04:00	coverage	ran the full instrumented suite in the clean candidate worktree	the repository requires 100 percent global statements, branches, functions, and lines before completion	/tmp/mari-final-qa-root/coverage, npx vitest run --coverage	208 files and 3220 tests passed at 100 percent global coverage
2026-09-03T02:50:00-04:00	mobile	refined signup and profile-photo cropping for narrow phone viewports	the audit found clipped five-day events, undersized controls, and a crop dialog opening below its own header	commit 3ec8e56, /tmp/mari-mobile-audit/final-proof	31 focused tests passed, build passed, 375 and 390 pixel geometry passed
2026-09-03T02:55:00-04:00	mobile	contained dense MariTools indexes and made the tool drawer keyboard-safe on phones	the tools index overflowed the viewport and desktop-shaped rows lacked a usable mobile scroll affordance	commit 1d8d27c	36 focused tests passed after integration
2026-09-03T03:00:00-04:00	mobile	made the review console fit phone widths and hardened its moderation dialog	the navigation and long profile values overflowed while dialog focus and touch targets were incomplete	commit 220215b, /tmp/mari-mobile-public-staff-audit	focused tests and browser geometry passed in the isolated lane
2026-09-03T03:05:00-04:00	profile	redesigned the public forum member profile and added real profile images	the public route still used initials and the older compact presentation	commit e8e99d8, /tmp/mari-public-profile-proof	component tests and desktop/mobile geometry passed; server DTO follow-up active
2026-09-03T03:10:00-04:00	quality	repaired feature-introduced type diagnostics without changing product behavior	the branch added 85 diagnostics over main even though the repository baseline was already red	commit ebfe9a5, /tmp/mari-feature-check.out	check improved from 605 errors to 300 versus 520 on main; 287 focused tests passed
2026-09-03T03:15:00-04:00	mobile	closed tools drawer edge cases at intermediate widths and onboarding transitions	the first mobile pass needed a viewport fallback and unlock path when navigation disappears	commit 70d5bb9, /private/tmp/mari-mobile-tools-refine/artifacts/mobile-proof-final-3	69 focused tests and build passed; independent video review passed
2026-09-03T03:20:00-04:00	profile	extended public profiles with safe tenure, executive role, and real outline summaries	the redesigned page could not display those facts until the server DTO supplied them	commit b6c4c82, /tmp/mari-public-profile-data-proof	74 focused tests and build passed; desktop and phone proof reviewed PASS
2026-09-03T03:25:00-04:00	coverage	closed new public-profile fallback branches and reran the final clean candidate	the first post-mobile coverage run found community-store branch gaps	commit 4f66177, /tmp/mari-final-qa-root/coverage	209 files passed at 100 percent global statements, branches, functions, and lines
2026-09-03T03:30:00-04:00	production	removed scanner-rejected dynamic placeholders and a private OAuth environment name from client output	the production artifact scanner found both boundaries while qualifying the final bundle	commits ee526ca, 7d47c50, 25337ab; /tmp/mari-final-qa-root/.vercel/output	production build and scan passed across 1428 files
2026-09-03T03:35:00-04:00	verification	recorded the final integrated desktop member journey after all mobile and data-contract changes	the earlier recording predated the final public-profile and mobile work	artifacts/final-integrated-proof/page@c011ca39342f07d71651e6f22002b3e7.webm, checks.json	all scripted journey assertions passed; independent video review pending
